config,model_type,variant,class_weight,n_test,test_merge_rate,accuracy,precision_merged,recall_merged,f1_merged,precision_not_merged,recall_not_merged,f1_not_merged,macro_f1,roc_auc
svm_v0_plain,svm,v0,plain,224,0.8214,0.9866,0.9892,0.9946,0.9919,0.9744,0.95,0.962,0.9769,0.9685
svm_v0_balanced,svm,v0,balanced,224,0.8214,0.9866,0.9892,0.9946,0.9919,0.9744,0.95,0.962,0.9769,0.9838
rf_v0_plain,rf,v0,plain,224,0.8214,0.9866,0.9892,0.9946,0.9919,0.9744,0.95,0.962,0.9769,0.9878
rf_v0_balanced,rf,v0,balanced,224,0.8214,0.9821,0.9891,0.9891,0.9891,0.95,0.95,0.95,0.9696,0.9886
svm_v1_plain,svm,v1,plain,224,0.8214,0.817,0.8326,0.9728,0.8972,0.4444,0.1,0.1633,0.5303,0.5607
svm_v1_balanced,svm,v1,balanced,224,0.8214,0.817,0.8235,0.9891,0.8988,0.3333,0.025,0.0465,0.4726,0.6068
rf_v1_plain,rf,v1,plain,224,0.8214,0.8214,0.8529,0.9457,0.8969,0.5,0.25,0.3333,0.6151,0.6776
rf_v1_balanced,rf,v1,balanced,224,0.8214,0.7679,0.8708,0.8424,0.8564,0.3696,0.425,0.3953,0.6259,0.6765
svm_v2_plain,svm,v2,plain,224,0.8214,0.8438,0.8498,0.9837,0.9118,0.7273,0.2,0.3137,0.6128,0.7177
svm_v2_balanced,svm,v2,balanced,224,0.8214,0.8348,0.8517,0.9674,0.9059,0.6,0.225,0.3273,0.6166,0.7401
rf_v2_plain,rf,v2,plain,224,0.8214,0.875,0.8786,0.9837,0.9282,0.8333,0.375,0.5172,0.7227,0.7392
rf_v2_balanced,rf,v2,balanced,224,0.8214,0.8259,0.8796,0.913,0.896,0.5152,0.425,0.4658,0.6809,0.7442
